
INSERT INTO `sys_acl`(code,name,acl_module_id,url,type,status,seq,remark,operator,operate_time,operate_ip) VALUES
	('20171015095130_26', '进入产品管理界面', '1', '/sys/product/product.page', '1', '1', '1', '', 'Admin', '2017-10-15 09:51:30', '127.0.0.1'),
	('20171015095322_14', '查询产品列表', '1', '/sys/product/page.json', '2', '1', '2', '', 'Admin', '2017-10-15 09:53:22', '127.0.0.1'),
	('20171015095350_69', '产品上架', '1', '/sys/product/online.json', '2', '1', '3', '', 'Admin', '2017-10-15 09:53:51', '127.0.0.1'),
	('20171015095420_7', '产品下架', '1', '/sys/product/offline.json', '2', '1', '4', '', 'Admin', '2017-10-15 10:11:28', '127.0.0.1'),
	('20171015212626_63', '进入订单页', '2', '/sys/order/order.page', '1', '1', '1', '', 'Admin', '2017-10-15 21:26:27', '127.0.0.1'),
	('20171015212657_12', '查询订单列表', '2', '/sys/order/list.json', '2', '1', '2', '', 'Admin', '2017-10-15 21:26:57', '127.0.0.1'),
	('20171015212907_36', '进入权限管理页', '7', '/sys/aclModule/acl.page', '1', '1', '1', '', 'Admin', '2017-10-15 21:29:07', '127.0.0.1'),
	('20171015212938_27', '进入角色管理页', '8', '/sys/role/role.page', '1', '1', '1', '', 'Admin', '2017-10-16 17:49:38', '127.0.0.1'),
	('20171015213009_0', '进入用户管理页', '9', '/sys/dept/dept.page', '1', '1', '1', '', 'Admin', '2017-10-15 21:30:09', '127.0.0.1'),
	('20171016230429_8', '进入权限更新记录页面', '11', '/sys/log/log.page', '1', '1', '1', '', 'Admin', '2017-10-16 23:04:49', '127.0.0.1');


INSERT INTO `sys_acl_module` VALUES
	('1', '产品管理', '0', '0', '1', '1', 'product', 'Admin', '2017-10-14 21:13:15', '127.0.0.1'),
	('2', '订单管理', '0', '0', '2', '1', '', 'Admin', '2017-10-14 20:17:11', '127.0.0.1'),
	('3', '公告管理', '0', '0', '3', '1', '', 'Admin', '2017-10-14 20:17:21', '127.0.0.1'),
	('4', '出售中产品管理', '1', '0.1', '1', '1', '', 'Admin', '2017-10-14 21:13:39', '127.0.0.1'),
	('5', '下架产品管理', '1', '0.1', '2', '1', '', 'Admin', '2017-10-14 20:18:02', '127.0.0.1'),
	('6', '权限管理', '0', '0', '4', '1', '', 'Admin', '2017-10-15 21:27:37', '127.0.0.1'),
	('7', '权限管理', '6', '0.6', '1', '1', '', 'Admin', '2017-10-15 21:27:57', '127.0.0.1'),
	('8', '角色管理', '6', '0.6', '2', '1', '', 'Admin', '2017-10-15 21:28:22', '127.0.0.1'),
	('9', '用户管理', '6', '0.6', '2', '1', '', 'Admin', '2017-10-15 21:28:36', '127.0.0.1'),
	('10', '运维管理', '0', '0', '6', '1', '', 'Admin', '2017-10-16 23:03:37', '127.0.0.1'),
	('11', '权限更新记录管理', '6', '0.6', '4', '1', '', 'Admin', '2017-10-16 23:04:07', '127.0.0.1');

INSERT INTO `sys_dept` VALUES
	('1', '技术部', '0', '0', '1', '技术部', 'system', '2017-10-11 07:21:40', '127.0.0.1'),
	('2', '后端开发', '1', '0.1', '1', '后端', 'system-update', '2017-10-12 07:56:16', '127.0.0.1'),
	('3', '前端开发', '1', '0.1', '2', '', 'system-update', '2017-10-14 11:29:45', '127.0.0.1'),
	('4', 'UI设计', '1', '0.1', '3', '', 'system', '2017-10-12 07:55:43', '127.0.0.1'),
	('5', '产品部', '0', '0', '2', '', 'Admin', '2017-10-16 22:52:29', '127.0.0.1'),
	('6', '客服部', '0', '0', '4', '', 'Admin', '2017-10-17 00:22:55', '127.0.0.1');

INSERT INTO `sys_role` VALUES
	('1', '产品管理员', '1', '1', '', 'Admin', '2017-10-15 12:42:47', '127.0.0.1'),
	('2', '订单管理员', '1', '1', '', 'Admin', '2017-10-15 12:18:59', '127.0.0.1'),
	('3', '公告管理员', '1', '1', '', 'Admin', '2017-10-15 12:19:10', '127.0.0.1'),
	('4', '权限管理员', '1', '1', '', 'Admin', '2017-10-15 21:30:36', '127.0.0.1'),
	('5', '运维管理员', '1', '1', '运维', 'Admin', '2017-10-17 00:23:28', '127.0.0.1');

INSERT INTO `sys_user` VALUES
    ('1','admin', '13500001234', 'admin@qq.com', '25D55AD283AA400AF464C76D713C07AD', '1','1','1', 'admin','System', '2017-12-14 10:45:19','127.0.0.1'),
	('2','Jimin', '13188889999', 'jimin@qq.com', '25D55AD283AA400AF464C76D713C07AD', '1','1', '1', 'jimin.zheng', 'Admin', '2017-10-14 14:45:19', '127.0.0.1'),
	('3', 'Jimmy', '13812344311', 'jimmy@qq.com', '25D55AD283AA400AF464C76D713C07AD', '1','2', '1', '', 'Admin', '2017-10-16 12:57:35', '127.0.0.1'),
	('4', 'Kate', '13144445555', 'kate@qq.com', '25D55AD283AA400AF464C76D713C07AD', '1','1', '1', 'sss', 'Admin', '2017-10-16 23:02:51', '127.0.0.1'),
	('5', '服务员A', '18677778888', 'service@qq.com', '25D55AD283AA400AF464C76D713C07AD', '1','3', '1', '', 'Admin', '2017-10-17 00:22:15', '127.0.0.1');

INSERT INTO `sys_admin` (name, password,admin_encrypt,last_ip)VALUES
  ("admin","25D55AD283AA400AF464C76D713C07AD","adminencrypt","127.0.0.1");

INSERT INTO `sys_post`(id,post_name) VALUES (1, '高级员工'),
  (2, '经理'),
  (3, '员工');

INSERT INTO `sys_employee`(id,emp_name,emp_login_name,emp_pwd,emp_tel,emp_phone,emp_add,emp_qq,emp_fax,emp_email,emp_birth,emp_identity,emp_loc,emp_status,dept_id,post_id,emp_created,emp_updated,emp_encrypt,emp_last_ip,emp_explain) VALUES
   (1, 'Judy', 'Judy', 'E3EB552B2384D6285A74C49195D5BE5C', '059183261633,059183262919', '13500001234,18612345678', '福建省福州市台江区六一中路450号', '96067', '059183261234', '96067@qq.com', '1989-02-10 00:00:00', '', 0, 1, 1, 2, '2018-08-22 09:15:16', '2018-08-22 09:15:16', 'yzsFzuFNjv', '127.0.0.1', '福建省福州市台江区六一中路450号'),
   (2, 'Tom', 'Tom', '846A46518005831F396C8AC194441620', '', '', '', '', '', 'Tom@qq.com', NULL, '', 0, 1, 5, 2, '2018-08-23 09:05:19', '2018-08-23 09:05:19', 'UCVpeOVlym', '127.0.0.1', 'admin'),
   (3, 'Jimin', 'Jimin', '7BD0A1F1D513C1E18933F168ACF5819F', '010832905678', '13188889999', '', '', '', '', NULL, '', 0, 1, 5, 1, '2018-08-23 15:59:17', '2018-08-23 15:59:17', 'EIciXQVrGB', '127.0.0.1', '测试数据'),
   (4, 'Kate', 'Kate', '3BE25E12949658E0783052425D7D6558', '', '13144445555', '', '', '', 'kate@qq.com', NULL, '', 0, 1, 6, 1, '2018-08-23 16:00:19', '2018-08-23 16:00:19', 'uUFGrzNDcx', '127.0.0.1', ''),
   (5, 'Jimmy', 'Jimmy', 'EDFD0CCC96443326978E8BA15DCC3140', '', '13812344311', '', '', '', 'jimmy@qq.com', NULL, '', 0, 1, 3, 1, '2018-08-23 16:01:05', '2018-08-23 16:01:05', 'tdAUAWnMvn', '127.0.0.1', '');

INSERT INTO sys_category_info (id,parent_id,cate_name,cate_url,cate_seq,cate_type) VALUES
  (1,0,'基础设置','',1,3),(2,0,'权限管理','',2,3),(3,0,'日志管理','',3,3),(4,0,'系统管理','',4,3),
  (5,1,'货运类型','/',1,3),(6,1,'仓库管理','/',2,3),(7,1,'运输管理','/',3,3),
  (8,2,'员工管理','/sys/dept/dept.page',1,3),
  (9,2,'角色管理','/sys/role/role.page',2,3),
  (10,2,'权限管理','/sys/aclModule/acl.page',3,3),
  (11,3,'权限日志','/',1,3),(12,3,'异常日志','/',2,3),(13,3,'员工日志','/',3,3),
  (14,3,'顾客日志','/',4,3),(15,3,'供应商日志','/',5,3),(16,3,'登录日志','/',6,3),
  (17,4,'站点配置','/',1,3),(18,4,'栏目设置','/',2,3);

INSERT INTO `sys_dept` VALUES (1, '技术部', 0, '0', 1, '技术部', 'system', '2017-10-11 07:21:40', '127.0.0.1'),
  (2, '后端开发', 1, '0.1', 1, '后端', 'system-update', '2017-10-12 07:56:16', '127.0.0.1'),
  (3, '前端开发', 1, '0.1', 2, '', 'system-update', '2017-10-14 11:29:45', '127.0.0.1'),
  (4, 'UI设计', 1, '0.1', 3, '', 'system', '2017-10-12 07:55:43', '127.0.0.1'),
  (5, '产品部', 0, '0', 2, '', 'Admin', '2017-10-16 22:52:29', '127.0.0.1'),
  (6, '客服部', 0, '0', 4, '', 'Admin', '2017-10-17 00:22:55', '127.0.0.1');
